{"accuracy": [0.25801336765289307, 0.4817195236682892, 0.5997495651245117, 0.6795492768287659, 0.7299666404724121, 0.7647746205329895, 0.8037562370300293, 0.8442404270172119, 0.8594323992729187, 0.8846410512924194, 0.898330569267273, 0.9137729406356812, 0.9287980198860168, 0.9353088736534119, 0.9419031739234924, 0.9495826363563538, 0.9552587866783142, 0.9564273953437805, 0.9652754664421082, 0.9648581147193909, 0.9680300354957581, 0.9694491028785706, 0.9758764505386353, 0.9727879762649536, 0.9727045297622681, 0.9752921462059021, 0.9802170395851135, 0.9856427311897278, 0.9782971739768982, 0.9829716086387634], "loss": [1.9955179691314697, 1.439510703086853, 1.1439847946166992, 0.9386042356491089, 0.7945646047592163, 0.6907157301902771, 0.5754460692405701, 0.4612036943435669, 0.40902969241142273, 0.33692675828933716, 0.29724738001823425, 0.2528769075870514, 0.2202489972114563, 0.18833458423614502, 0.16352885961532593, 0.14978531002998352, 0.13220463693141937, 0.1306995451450348, 0.1027611717581749, 0.10280556231737137, 0.09199222177267075, 0.08925247192382812, 0.07348856329917908, 0.082684725522995, 0.0875730812549591, 0.07138359546661377, 0.06029875949025154, 0.04369194433093071, 0.06219812482595444, 0.04992631450295448], "val_accuracy": [0.38998329639434814, 0.5505843162536621, 0.6714524030685425, 0.6991652846336365, 0.7158597707748413, 0.7709515690803528, 0.8153589367866516, 0.8257095217704773, 0.7969949841499329, 0.8564273715019226, 0.8530884981155396, 0.8667779564857483, 0.8601001501083374, 0.849081814289093, 0.890150249004364, 0.8954924941062927, 0.8858096599578857, 0.9011685848236084, 0.8904841542243958, 0.8797996640205383, 0.8888146877288818, 0.9065108299255371, 0.8981636166572571, 0.9005008339881897, 0.9055091738700867, 0.8898163437843323, 0.908180296421051, 0.9145241975784302, 0.8918197154998779, 0.8801335692405701], "val_loss": [1.6842085123062134, 1.2445740699768066, 0.976999044418335, 0.884759247303009, 0.8108723759651184, 0.6818178296089172, 0.5653107762336731, 0.544188916683197, 0.6331765055656433, 0.47638896107673645, 0.4599868059158325, 0.431903600692749, 0.49947792291641235, 0.5868061184883118, 0.4044204652309418, 0.3946922719478607, 0.4756753742694855, 0.35892432928085327, 0.4681144058704376, 0.4630895256996155, 0.46597322821617126, 0.33861199021339417, 0.43186140060424805, 0.4072932004928589, 0.37916964292526245, 0.44221487641334534, 0.3753357529640198, 0.3294764459133148, 0.420439749956131, 0.48534682393074036]}